text,label
"Local health department confirms vaccination clinic schedule for next week after official announcement.",real
"Scientists publish peer reviewed study showing improved battery performance in electric vehicles.",real
"City council approves budget after public meeting and releases documents on official website.",real
"National weather service warns residents about heavy rainfall and possible flooding this weekend.",real
"University researchers receive grant to study affordable water purification systems.",real
"Election commission publishes final voter registration numbers after verification process.",real
"Central bank keeps interest rates unchanged according to its monthly policy statement.",real
"Hospital opens new emergency care unit with licensed doctors and updated equipment.",real
"Education ministry announces scholarship application dates for eligible students.",real
"Police report says traffic restrictions will begin Monday due to road repair work.",real
"Government data shows exports increased during the last quarter compared with previous year.",real
"Court records confirm hearing date for the public corruption case next month.",real
"International agency reports steady decline in child mortality over the last decade.",real
"Local school board votes to expand science labs using approved district funding.",real
"Officials say new railway timetable will start after safety inspections are completed.",real
"Public library announces extended weekend hours following approval from the municipal board.",real
"Health ministry releases official guidelines for heatwave safety during the summer season.",real
"Company quarterly report shows revenue growth supported by audited financial statements.",real
"Airport authority confirms temporary terminal changes during scheduled maintenance work.",real
"Researchers publish climate findings using satellite measurements and verified field data.",real
"Mayor announces new waste collection routes after consultation with neighborhood groups.",real
"Sports federation confirms tournament fixtures on its official website.",real
"Agriculture department reports crop support payments for registered farmers.",real
"Local court sentences convicted fraud suspect after a two year investigation.",real
"Transport department launches online renewal service for driving licenses.",real
"Medical journal reviews evidence from a controlled trial on a new treatment.",real
"University announces examination timetable for the next semester on student portal.",real
"Election observers report peaceful voting process across most polling stations.",real
"Fire department confirms evacuation drill schedule for commercial buildings.",real
"Technology company recalls selected chargers after verified safety complaints.",real
"Breaking miracle fruit cures diabetes overnight doctors are hiding the truth from everyone.",fake
"Celebrity secretly buys the moon and plans to charge people for moonlight.",fake
"Anonymous message claims drinking hot salt water prevents every known virus instantly.",fake
"Shocking report says election machines were controlled by invisible foreign satellites.",fake
"Viral post claims government will cancel all exams forever starting tomorrow.",fake
"Unverified article says famous actor died again despite appearing live on television today.",fake
"Secret document proves all banks will delete customer money this Friday.",fake
"Scientists confirm humans can live without sleep if they eat one special spice.",fake
"Fake leaked memo claims schools will replace teachers with talking robots next week.",fake
"Website says new law bans all mobile phones without any official announcement.",fake
"Viral claim says a single herbal pill can regrow lost teeth in two days.",fake
"Headline claims world leaders met underwater to plan a secret weather machine.",fake
"Rumor says hospital patients vanished because of a mysterious experimental portal.",fake
"Post claims every citizen will receive free luxury cars by midnight.",fake
"Conspiracy blog says national currency will become worthless before sunrise.",fake
"Viral video says a secret code on currency notes can predict lottery numbers.",fake
"Unverified post claims all internet service will shut down worldwide at noon.",fake
"Fake report says students can pass any exam by writing one magic sentence.",fake
"Rumor claims a hidden tunnel connects every government office in the country.",fake
"Sensational article says doctors found a medicine that makes people invisible.",fake
"Anonymous blog claims the ocean disappeared for ten minutes but media ignored it.",fake
"Message says scanning a photo of food can replace eating for one full week.",fake
"False alert claims all trains are cancelled forever because of a secret order.",fake
"Viral headline says a school principal banned homework across the entire nation.",fake
"Conspiracy post claims clouds are painted daily by a private company.",fake
"Clickbait story says one household trick can turn stones into gold instantly.",fake
"Fake leak claims the government will erase old birthdays from all certificates.",fake
"Rumor says a celebrity became president of three countries on the same day.",fake
"Unverified website claims drinking cold tea makes people immune to traffic fines.",fake
"Message claims a secret app can read exam papers before teachers print them.",fake
"Parliament committee releases report after reviewing public transport safety records.",real
"Health officials confirm new blood donation camp dates through the district portal.",real
"University placement cell publishes interview schedule for registered final year students.",real
"Police department issues advisory about cyber fraud based on recent complaint data.",real
"State education board announces revised syllabus after official academic council approval.",real
"Local hospital publishes emergency contact numbers during festival crowd management period.",real
"Municipal corporation starts water pipeline repair work in three listed neighborhoods.",real
"Finance ministry releases tax filing deadline notification on its official website.",real
"Research institute tests low cost solar dryer for farmers in controlled field trials.",real
"Court grants bail after hearing arguments from both prosecution and defense lawyers.",real
"Disaster management authority conducts mock drill before the monsoon season begins.",real
"Public university launches online admission portal for undergraduate courses.",real
"Railway officials confirm additional trains for holiday passengers after demand review.",real
"Medical board warns citizens against using unapproved medicines without doctor consultation.",real
"District collector reviews flood preparation with police health and transport departments.",real
"New study reports air quality improvement after traffic restrictions in city center.",real
"Official census update shows population growth slowed compared with previous decade.",real
"Bank notifies customers about scheduled maintenance on digital payment services.",real
"Space agency announces satellite launch window after completing technical checks.",real
"Local market association agrees to new closing time after meeting with officials.",real
"Breaking news says one secret button on phone can print unlimited money.",fake
"Forwarded message claims the sun will disappear for three days next week.",fake
"Unverified website says government will replace all exams with dream reading test.",fake
"Viral post claims a hidden camera in every street light watches private thoughts.",fake
"Fake alert says all bank accounts with odd numbers will be frozen tonight.",fake
"Clickbait headline claims a student became topper by sleeping during every class.",fake
"Anonymous post says a coded song can unlock any ATM without a card.",fake
"Rumor claims doctors are paid to hide a fruit that cures cancer instantly.",fake
"False article says eating paper once a day improves memory permanently.",fake
"Conspiracy page claims rain is controlled by a remote kept under parliament.",fake
"Viral story says a school bus flew over traffic using secret wings.",fake
"Fake message says college attendance can be increased by changing phone wallpaper.",fake
"Sensational claim says a minister announced free gold rings for every citizen.",fake
"Unverified blog says touching a currency note can reveal future exam questions.",fake
"Hoax report claims an entire city moved underground while people were sleeping.",fake
"Fake screenshot says all petrol pumps will close forever from midnight.",fake
"Rumor says a miracle magnet removes all illness in exactly seven minutes.",fake
"Misleading post claims election results were predicted by a talking computer from space.",fake
"Clickbait story says a new app can make users invisible in CCTV cameras.",fake
"False claim says drinking blue water guarantees a government job within a week.",fake
"Dear student your assignment submission was received successfully and feedback will be shared by Friday.",real
"Your electricity bill for April has been generated please log in to the official customer portal to view it.",real
"Hello team please find the meeting agenda attached for tomorrow's project review at 10 AM.",real
"Your bank statement for this month is available in the secure mobile banking application.",real
"The library book renewal request has been approved and the new due date is listed in your account.",real
"Dear candidate your interview is scheduled for Monday at the company office please carry your resume.",real
"Your order has been shipped and the tracking number is available on the official shopping website.",real
"The university has confirmed your registration for the data science workshop next week.",real
"Please review the attached minutes from today's department meeting and share corrections by evening.",real
"Your password was changed successfully if this was not you contact official support immediately.",real
"The HR department has shared the updated holiday calendar for all employees.",real
"Your appointment with Dr Sharma is confirmed for 4 PM on Thursday at the clinic.",real
"Payment receipt for your course fee has been generated and saved in the student portal.",real
"The project mentor has requested an updated progress report before the weekly review.",real
"Your train ticket booking confirmation is available with seat number and official PNR details.",real
"Dear user your account will be blocked in 10 minutes click this unknown link to verify password.",fake
"Congratulations you have won a lottery you never entered send bank details to claim money.",fake
"Urgent security alert update your ATM PIN immediately using this suspicious link.",fake
"Your email storage is full reply with your username and password to keep the account active.",fake
"Final warning your bank account will close today unless you transfer verification fee now.",fake
"You have been selected for a free phone pay delivery charges through this random payment link.",fake
"Dear customer your KYC expired click here and enter card number CVV and OTP.",fake
"We detected virus in your computer call this number and pay support charges immediately.",fake
"Your parcel is stopped at customs send identity proof and payment to unknown courier address.",fake
"Account prize activated install this attachment to receive cashback instantly.",fake
"Your salary has been held confirm payroll details through this external form immediately.",fake
"Official tax refund pending enter bank login password to receive money today.",fake
"Your college account will be deleted tonight unless you share your email password.",fake
"You won government scholarship without applying click short link and pay processing fee.",fake
"Security team needs your OTP to stop unauthorized transaction on your account.",fake
